{
	"class_name" : "PinholeCameraParameters",
	"extrinsic" : 
	[
		0.8790618417417807,
		-0.24563282922374599,
		0.40855206718493864,
		0.0,
		-0.20730092357556218,
		0.57478141585824394,
		0.79161395330597317,
		0.0,
		-0.42927451063191197,
		-0.78057084059778359,
		0.4543484976647354,
		0.0,
		-1.1981193249784952,
		0.42655581094895012,
		-0.012280356993974756,
		1.0
	],
	"intrinsic" : 
	{
		"height" : 1080,
		"intrinsic_matrix" : 
		[
			935.30743608719376,
			0.0,
			0.0,
			0.0,
			935.30743608719376,
			0.0,
			959.5,
			539.5,
			1.0
		],
		"width" : 1920
	},
	"version_major" : 1,
	"version_minor" : 0
}