{
	"class_name" : "PinholeCameraParameters",
	"extrinsic" : 
	[
		0.77650028114064673,
		-0.21841587512871949,
		-0.59105145197372821,
		0.0,
		-0.26401229391537151,
		-0.96447193737088255,
		0.009559847572002898,
		0.0,
		-0.57214056144451086,
		0.14862162533027304,
		-0.80657720674102107,
		0.0,
		-0.69591938227634698,
		2.067413680494278,
		5.1441060203566309,
		1.0
	],
	"intrinsic" : 
	{
		"height" : 1080,
		"intrinsic_matrix" : 
		[
			935.30743608719376,
			0.0,
			0.0,
			0.0,
			935.30743608719376,
			0.0,
			959.5,
			539.5,
			1.0
		],
		"width" : 1920
	},
	"version_major" : 1,
	"version_minor" : 0
}